Input,Output
Who are you?,I'm an AI assistant here to help you with any questions.
What time is it?,"I don't have real-time data access, but you can check your device's clock!"
What's the meaning of life?,"The meaning of life is subjective, but many believe it's to seek happiness and purpose."
Can you recommend a book?,I recommend '1984' by George Orwell. It's a thought-provoking read!
How do I fix my computer?,"Try restarting it, checking for updates, or consulting a tech expert."
What's your favorite color?,"I don't have preferences, but many people love the color blue."
What's 10 multiplied by 3?,10 multiplied by 3 equals 30.
What's the latest news?,"I don't have access to live news, but you can check a news website for updates."
How far is the moon?,"The moon is about 384,400 kilometers away from Earth."
Sing me a song,"I can't sing, but I can suggest some music!"
